R,M
0.0012616470967843848,8.410897279324692e-09
0.08362572132461212,0.0024974061908351764
0.1119399316322451,0.006100748136556681
0.1303188607374412,0.009795457449104936
0.14355669579608335,0.013313660474192142
0.1535968096470711,0.016568236276962738
0.16145891180161676,0.019539899658917743
0.16775275090503233,0.02223712421061784
0.17287344521475353,0.024679431240249232
0.17709150068423857,0.026889918086281335
0.18059972228969753,0.028891851121899764
0.18353985878805643,0.030707157919037022
0.18601873527740162,0.0323558350168158
0.1881185044197648,0.033855800198927574
0.18990343432448342,0.035222955586962035
0.1914245344979159,0.036471343567112444
0.19272280306936246,0.037613335770768044
0.19383155811359426,0.03865982527910469
0.19477813724558019,0.03962040792636751
0.1955851737885419,0.04050354674186579
0.19627154247300946,0.041316717836007134
0.19685310635407977,0.042066538144462186
0.19734326955143464,0.04275887640037945
0.19775344063289454,0.04339894914146403
0.19809336904915278,0.04399140357432813
0.19837143137359647,0.04454038900687055
0.19859485983152658,0.04504961848121976
0.19876992198657067,0.04552242196180744
0.19890207185243342,0.04596179230412366
0.19899607298888436,0.046370425066526284
0.19905609816133712,0.04675075300538024
0.19908581836218597,0.047104976083322814
0.19908846779377953,0.04743508758217481
0.19906690669160634,0.04774289691140054
0.19902366956698364,0.048030049522448694
0.19896101050740156,0.048298044395217045
0.1988809361421385,0.048548249382122224
0.19878523422297112,0.048781914717641726
0.19867550912454557,0.049000184931609896
0.19855319501132568,0.04920410939682065
0.19841958122645967,0.04939465163831711
0.1982758244895563,0.049572697627262526
0.19812296887574943,0.04973906314049624
0.19796195506850803,0.049894500320151615
0.19779363362154972,0.0500397035252796
0.19761877248113016,0.05017531457933792
0.19743806843513637,0.05030192744088972
0.19725215223962342,0.05042009242311174
0.19706159707806822,0.05053031997210323
0.19686692304138764,0.050633084070800305
0.19666860378070766,0.050728825307979446
0.19646707054755894,0.050817953646819215
0.19626271491203737,0.05090085094181612
0.1960558953529128,0.05097787319249287
0.19584693827275773,0.051049352612361494
0.19563614159821927,0.0511155994957017
0.1954237776561066,0.051176903917532005
0.19521009478640508,0.051233537281532474
0.19499532069777764,0.051285753731298414
0.19477966375495517,0.051333791436266894
0.19456331368616495,0.05137787377824081
0.1943464447033996,0.051418210415036844
0.194129216294189,0.05145499827630879
0.1939117752383508,0.05148842246629129
0.1936942525123851,0.05151865709460534
0.19347677290588974,0.051545866039779745
0.1932594473535627,0.05157020365166128
0.19304237897140028,0.051591815398250286
0.19282565994627182,0.05161083845998343
0.19260937737172817,0.051627402287648956
0.19239360843344713,0.05164162909887214
0.19217842537935717,0.05165363435539956
0.19196389409723497,0.05166352719570374
0.1917500723917934,0.05167141083732599
0.19153701625205144,0.051677382949757225
0.19132477407661322,0.05168153600030257
0.19111339144288095,0.051683957575144365
0.1909029088675296,0.05168473067762086
0.19069336277628735,0.05168393400388086
0.19048478737606644,0.05168164220754423
0.1902772127573581,0.05167792613011347
0.19007066528792607,0.05167285303137932
0.1898651702873018,0.05166648679657384
0.18966074887686066,0.05165888813117881
0.1894574209559704,0.0516501147428289
0.18925520355249226,0.05164022151127878
0.18905411130047645,0.05162926064732019
0.18885415817863888,0.05161728184146224
0.1886553556627279,0.05160433240312147
0.18845771370620074,0.051590457389580395
0.18826124076508632,0.05157569973386226
0.18806594304801405,0.0515601003509117
0.18787182791926793,0.05154369825073097
0.18767889869259388,0.05152653063798121
0.1874871588973807,0.05150863300685303
0.18729661215270516,0.05149003923024115
0.1871072591097425,0.051470781643608736
0.18691910058829503,0.051450891123900534
0.18673213660571178,0.05143039716383298
0.18654636659271248,0.05140932794186942
0.18636178878990228,0.051387710388162186
0.1861784012221697,0.05136557024549887
0.1859962008842365,0.051342932132820145
0.18581518453470683,0.051319819593306025
0.18563534879381466,0.05129625515143606
0.18545668991122152,0.05127226036115365
0.18527920252424573,0.05124785585250953
0.18510288156963645,0.051223061375759264
0.1849277221240745,0.05119789584306944
0.18475371849438166,0.051172377367981844
0.18458086515356006,0.05114652330276974
0.18440915513262182,0.051120350273813356
0.18423858281769548,0.0510938742151143
0.18406914076278508,0.05106711040005631
0.18390082276815614,0.051040073470460225
0.18373362124880127,0.05101277746935561
0.18356752992747147,0.05098523586180388
0.18340254028387987,0.05095746156477723
0.18323864593723593,0.050929466970547434
0.18307583869805394,0.05090126396988438
0.18291411110345168,0.050872863974096794
0.18275345537943702,0.050844277935982146
0.18259386339825173,0.050815516369747585
0.18243532759859243,0.0507865893699545
0.18227784079966844,0.050757506629545944
0.18212139318678544,0.05072827745700266
0.1819659781702133,0.050698910792676785
0.18181158680315881,0.050669415224347515
0.18165821149361017,0.05063979900203911
0.1815058441488172,0.05061007005120294
0.18135447698359616,0.050580235989915436
0.18120410110923554,0.050550304136137945
0.18105470899436263,0.050520281523651636
0.18090629192971577,0.05049017491281833
0.18075884268693235,0.05045999080172456
0.18061235250625907,0.05042973543681981
0.18046681378143498,0.0503994148230743
0.18032221810500038,0.050369034733680144
0.18017855726847953,0.05033860071931931
0.18003582415775418,0.050308118117019976
0.17989401055154522,0.050277592058621104
0.17975310840550948,0.05024702747886632
0.17961310969744315,0.05021642912314265
0.17947400739175376,0.050185801554883544
0.17933579256535773,0.050155149162652395
0.17919845864687814,0.050124476166086895
0.17906199720870344,0.05009378662570331
0.1789264009462554,0.05006308444416205
0.1787916622895046,0.050032373375496146
0.17865777407711644,0.05000165702999516
0.1785247285288555,0.049970938879663446
0.17839251819604102,0.049940222263453134
0.17826113592315548,0.049909510392278415
0.17813057454762127,0.04987880635382318
0.1780008265337546,0.04984811311715125
0.17787188509639085,0.04981743353712712
0.17774374311478927,0.049786770358658194
0.17761639276312527,0.04975612622076397
0.1774898285901861,0.049725503660481195
0.17736404250050908,0.04969490511661343
0.1772390278927696,0.049664332933328746
0.17711477864721734,0.04963378936361644
0.17699128645553738,0.049603276572605236
0.1768685463461353,0.04957279663999964
0.17674655117604224,0.04954235156613608
0.17662529403033064,0.049511943270458485
0.17650476910896862,0.04948157359731022
0.17638496995953937,0.04945124431791639
0.17626588980440216,0.04942095713299791
0.1761475217343052,0.049390713675285254
0.17602986065895165,0.04936051551193603
0.1759129002645482,0.049330364146860935
0.1757966340164857,0.049300261022960104
0.17568105628490932,0.04927020752427703
0.1755661608610679,0.04924020497806922
0.1754519416798332,0.049210254656802864
0.17533839361384695,0.04918035778007225
0.17522550966239897,0.04915051551644799
0.17511328509643548,0.04912072898525653
0.17500171381832366,0.04909099925829458
0.17489079079526623,0.04906132736147952
0.17478050940864368,0.049031714276440395
0.1746708645416219,0.04900216094137617
0.17456185125147747,0.04897266825521663
0.17445346379647172,0.04894323707503764
0.1743456975067683,0.04891386822009245
0.17423854497595662,0.04888456247247237
0.17413200331129072,0.048855320578382155
0.17402606626694733,0.04882614324936915
0.17392072883657145,0.04879703116350909
0.17381598611266952,0.04876798496654974
0.17371183319739134,0.0487390052730147
0.1736082646518278,0.04871009266726618
0.17350527630984744,0.048681247704533304
0.17340286268832789,0.04865247091190287
0.17330101930306854,0.04862376278927521
0.17319974082623202,0.04859512381028747
0.17309902337369523,0.048566554423204775
0.17299886155991615,0.04853805505178035
0.17289925138186,0.04850962609608591
0.17280018785625975,0.048481267933314386
0.17270166670822074,0.048452980918553365
0.17260368390051925,0.04842476538553399
0.17250623373177934,0.048396621647353325
0.172409312901421,0.04836854999654984
0.17231291706487004,0.048340550708257
0.17221704207892327,0.04831262403715172
0.1721216819051931,0.048284770220542575
0.1720268348761893,0.04825698947836576
0.17193249561702076,0.048229282013773425
0.17183865939643464,0.048201648013702275
0.17174532385896255,0.04817408764942285
0.17165248350817586,0.04814660107707039
0.17156013519856197,0.04811918843815916
0.1714682749765481,0.048091849860078265
0.17137689767850964,0.048064585456572086
0.17128600073903985,0.04803739532820516
0.17119558028542337,0.04801027956281005
0.1711056327842525,0.04798323823592291
0.17101615328870903,0.047956271411203184
0.170927139071694,0.047929379140839855
0.1708385859033757,0.04790256146594522
0.17075049085027005,0.047875818416934536
0.1706628501619906,0.04784915001389499
0.1705756597712737,0.04782255626694117
0.17048891657585635,0.047796037176560294
0.17040261698994655,0.04776959273394533
0.1703167577758741,0.047743222921318225
0.17023133514893612,0.047716927711665524
0.17014634654453636,0.047690707071338365
0.1700617877327884,0.04766456095691262
0.16997765521412428,0.04763848931775182
0.16989394700353114,0.047612492095713554
0.16981065851328386,0.047586569225415924
0.16972778788020187,0.04756072063449384
0.16964533042325824,0.04753494624384884
0.16956328436763857,0.04750924596788979
0.1694816455710456,0.047483619714766855
0.16940041151557547,0.04745806738659723
0.1693195793055083,0.04743258887968445
0.16923914571403362,0.0474071840847303
0.16915910722504676,0.047381852887040644
0.16907946194160708,0.04735659516672422
0.16900020616326542,0.04733141079888529
0.16892133763954953,0.04730629965381025
0.16884285296863277,0.04728126159714931
0.1687647490453995,0.04725629649009077
0.1686870236739403,0.04723140418953112
0.16860967337316124,0.04720658454823973
0.16853269638378682,0.047181837415017754
0.16845608898550377,0.04715716263485271
0.1683798494508869,0.04713256004906827
0.16830397484637294,0.04710802949546845
0.1682284619529194,0.04708357080847893
0.16815330854775007,0.04705918381928221
0.1680785122525773,0.04703486835540749
0.16800406974254126,0.047010624243020875
0.1679299794388872,0.046986451303816255
0.1678562377612628,0.0469623493572832
0.16778284386483525,0.046938318220287566
0.16770979305811898,0.046914357707184856
0.16763708422291965,0.046890467629928635
0.16756471533325698,0.04686664779817658
0.1674926830445187,0.04684289801939319
0.16742098579767054,0.046819218098948595
0.16734962051690652,0.046795607840215046
0.16727858563566128,0.04677206704466012
0.16720787784121408,0.04674859551193715
0.16713749464047062,0.046725193039972496
0.16706743586422124,0.04670185942505068
0.16699769689904218,0.04667859446189649
0.16692827644348165,0.04665539794375462
0.16685917272283018,0.04663226966246679
0.1667903835058848,0.04660920940854678
0.16672190602982104,0.046586216971252585
0.16665373820273097,0.046563292138656905
0.16658587838341463,0.046540434697714954
0.16651832452388315,0.04651764443433047
0.16645107375846852,0.04649492113341975
0.1663841246468793,0.04647226457897311
0.16631747525971097,0.04644967455411517
0.1662511234242609,0.046427150841162945
0.16618506670249805,0.046404693221681614
0.16611930329886862,0.04638230147653961
0.16605383124985543,0.04635997538545213
0.16598864926859228,0.046337714729061355
0.16592375461767764,0.046315519285952254
0.16585914563669515,0.0462933888347164
0.1657948208760275,0.04627132315349598
0.1657307771040584,0.046249322020029106
0.1656670139608322,0.04622738521169277
0.1656035288361502,0.04620551250554542
0.16554031998420696,0.04618370367836767
0.16547738594254105,0.046161958506701795
0.16541472428181261,0.04614027676688969
0.16535233371366018,0.04611865823511047
0.16529021278689074,0.04609710268741523
0.1652283594331468,0.04607560989976311
0.16516677055919948,0.04605417964805367
0.16510544619626524,0.04603281170815978
0.16504438425591308,0.046011505855958965
0.1649835830118698,0.04599026186736386
0.16492304047152725,0.0459690795183512
0.1648627552093395,0.04594795858499066
0.16480272553046862,0.04592689884347203
0.16474295017208246,0.04590590007013181
0.16468342697065141,0.04588496204147888
0.16462415390496576,0.045864084534219314
0.16456513076072124,0.045843267325280185
0.1645063550406016,0.045822510191833116
0.16444782505568306,0.045801812911315895
0.16438953972522483,0.045781175261454816
0.16433149735030073,0.045760597020285516
0.16427369610774825,0.04574007796617239
0.16421613532507984,0.04571961787782842
0.16415881272770116,0.04569921653433447
0.1641017267974751,0.04567887371467546
0.16404487655421726,0.045658589199677024
0.16398826042571765,0.045638362769152514
0.16393187652756042,0.04561819420382683
0.16387572389700075,0.04559808328487647
0.16381980099095514,0.045578029793944715
0.1637641065761002,0.04555803351315608
0.16370863881863293,0.0455380942251304
0.16365339629549408,0.0455182117129961
0.16359837898618587,0.04549838576040357
0.16354358309950437,0.04547861615153699
0.16348900887480144,0.04545890267112688
0.1634346547471687,0.04543924510446147
0.1633805202953682,0.04541964323739766
0.16332660274237945,0.04540009685637173
0.16327290053611973,0.04538060574840962
0.16321941398121792,0.04536116970113668
0.16316614054834488,0.04534178850278713
0.16311307991495905,0.04532246194221286
0.1630602304611825,0.045303189808892495
0.1630075894968595,0.04528397189293934
0.16295515836635996,0.04526480798510897
0.16290293334845704,0.04524569787680796
0.162850914871962,0.04522664136009975
0.16279910135127645,0.04520763822771257
0.1627474912568852,0.04518868827304527
0.16269608406755562,0.04516979129017438
0.16264487791231858,0.04515094707385958
0.16259387158812583,0.04513215541954947
0.1625430642346971,0.045113416123386915
0.16249245473526486,0.04509472898221484
0.16244204148200067,0.04507609379357997
0.16239182403811347,0.04505751035573883
0.1623418012257371,0.045038978467660744
0.1622919712605747,0.045020497929033065
0.162242333606089,0.04500206853980795
0.16219288658877054,0.044983690102027504
0.1621436298371461,0.04496536241710267
0.1620945615730066,0.04494708528762779
0.16204568109713308,0.044928858516932346
0.1619969874070577,0.04491068190908341
0.16194847956504163,0.04489255526888848
0.16190015606034636,0.04487447840189792
0.16185201678323297,0.04485645111440715
0.16180405829298733,0.044838473213458845
0.16175628267090955,0.04482054450684471
0.16170868664817,0.044802664803107205
0.16166127072016592,0.04478483391154153
0.16161403285590387,0.04476705164219627
0.16156697246983648,0.04474931780587551
0.16152008863657133,0.04473163221413921
0.1614733802760567,0.044713994679305064
0.16142684644403235,0.04469640501444797
0.16138048588398088,0.04467886303340238
0.1613342981966909,0.0446613685507617
0.16128828199639875,0.044643921381878955
0.16124243635246593,0.044626521342867466
0.16119676023026658,0.044609168250600864
0.16115125343664274,0.04459186192271263
0.1611059143894463,0.0445746021775974
0.16106074201753257,0.0445573888344093
0.16101573593589452,0.04454022171306263
0.1609708947542555,0.04452310063423131
0.16092621822691364,0.044506025419348484
0.16088170452511202,0.044488995890605745
0.16083735378937217,0.04447201187095269
0.16079316444181624,0.04445507318409637
0.16074913594768403,0.04443817965450033
0.16070526743073335,0.0444213311073834
0.16066155784119382,0.04440452736871922
0.16061800626112463,0.044387768265235106
0.16057461202691004,0.04437105362441047
0.16053137437104611,0.04435438327447625
0.1604882927572098,0.04433775704441336
0.16044536534949055,0.04432117476351358
0.1604025923919441,0.04430463626312479
0.16035997207317082,0.0442881413740362
0.160317504739204,0.04427168992821438
0.16027518848297456,0.044255281758369035
0.16023302336427223,0.044238916697950575
0.16019100814373877,0.044222594581148876
0.1601491424914347,0.0442063152428913
0.16010742508504522,0.04419007851884116
0.16006585499117243,0.04417388424539575
0.16002443277928402,0.04415773225968415
0.15998315527089174,0.04414162239956584
0.1599420244498615,0.04412555450362811
0.15990103712738432,0.04410952841118471
0.15986019423172182,0.04409354396227313
0.15981949460453423,0.044077600997652865
0.15977893706637178,0.04406169935880316
0.15973852148484954,0.04404583888792092
0.15969824653211318,0.044030019427918336
0.1596581120960398,0.04401424082242073
0.15961811744710386,0.043998502915764195
0.15957826100174893,0.04398280555299375
0.1595385427944487,0.04396714857986005
0.1594989624471001,0.0439515318428177
0.1594595183982266,0.04393595518902286
0.159420210865703,0.04392041846633082
0.1593810381670636,0.043904921523293075
0.15934200037159307,0.043889464209155404
0.1593030961222375,0.04387404637385516
0.15926432562897133,0.043858667868018675
0.1592256877339677,0.043843328542958804
0.1591871818502798,0.04382802825067272
0.15914880706578402,0.043812766843838544
0.15911056299533363,0.04379754417581336
0.15907244886037425,0.04378236010063072
0.15903446441487995,0.04376721447299749
0.1589966085215034,0.04375210714829167
0.1589588809033783,0.0437370379825594
0.1589212803572765,0.043722006832512705
0.15888380674781488,0.04370701355552644
0.15884645949883616,0.043692058009635805
0.15880923802441005,0.04367714005353353
0.15877214139557874,0.04366225954656735
0.158735168964237,0.04364741634831488
0.15869832060431285,0.04363261032026617
0.158661595011034,0.043617841323298955
0.15862499240952008,0.04360310921935307
0.1585885112541973,0.04358841387100997
0.15855215213426158,0.04357375514148914
0.15851591355401345,0.043559132894646545
0.15847979508203672,0.04354454699497049
0.15844379727317573,0.043529997307579504
0.15840791666853035,0.04351548369822032
0.1583721555168738,0.0435010060332632
0.15833651207288257,0.04348656417970117
0.15830098641968227,0.04347215800514601
0.15826557755995796,0.04345778737782607
0.1582302850525333,0.04344345216658306
0.15819510737973236,0.04342915224086962
0.1581600450717313,0.04341488747074631
0.158125097901795,0.04340065772687895
0.15809026489218236,0.04338646288053584
0.1580555444886301,0.04337230280358495
0.15802093774402556,0.043358177368491076
0.15798644340813944,0.04334408644831323
0.15795206129997366,0.043330029916701644
0.15791779003840278,0.043316007647895324
0.1578836300759355,0.0433020195167188
0.1578495800610231,0.043288065398580024
0.15781564044872226,0.04327414516946688
0.15778180989905774,0.0432602587059449
0.15774808801805115,0.043246405885154486
0.15771447472914993,0.0432325865848079
0.15768096920031852,0.043218800683186766
0.15764757097151202,0.04320504805913921
0.15761427930600597,0.043191328592077124
0.15758109430801878,0.04317764216197382
0.1575480152845282,0.043163988649360226
0.1575150416472786,0.04315036793532354
0.15748217250598245,0.04313677990150367
0.15744940816591402,0.043123224430090694
0.15741674779607773,0.043109701403822254
0.1573841904010391,0.04309621070598072
0.15735173664591742,0.04308275222039075
0.1573193848076316,0.043069325831416254
0.15728713574327713,0.04305593142395807
0.15725498766348592,0.04304256888345116
0.15722294093458164,0.04302923809586181
0.15719099439616946,0.04301593894768528
0.15715914888660384,0.043002671325942876
0.15712740254518728,0.042989435117771195
0.15709575591582556,0.04297623021204936
0.1570642082202267,0.042963056496956434
0.15703275879779466,0.04294991386159221
0.15700140735910503,0.042936802195569584
0.15697015320656432,0.04292372138901189
0.1569389968063678,0.042910671332550436
0.15690793667478597,0.042897651917321866
0.15687697302798517,0.042884663034965555
0.15684610532798318,0.04287170457762121
0.15681533284098503,0.04285877643792596
0.15678465526101004,0.04284587850901264
0.15675407251015036,0.04283301068450611
0.15672358386877125,0.042820172858521396
0.1566931890118736,0.04280736492566164
0.15666288723362676,0.04279458678101441
0.15663267874776163,0.04278183832015037
0.15660256273086656,0.04276911943912012
0.15657253935827686,0.042756430034452016
0.15654260685564825,0.04274377000314953
0.15651276542504158,0.04273113924268893
0.15648301630217346,0.04271853765101677
0.15645335605808514,0.04270596512654767
0.15642378690596428,0.042693421568161485
0.15639430705752702,0.04268090687520122
0.15636491722825824,0.04266842094747086
0.15633561598080492,0.04265596368523216
0.15630640351699535,0.042643534989203084
0.1562772794534588,0.042631134760555266
0.1562482425395965,0.04261876290091127
0.15621929361726913,0.04260641931234264
0.15619043179138892,0.04259410389736746
0.1561616565921089,0.042581816558947924
0.15613296787301248,0.042569557200488176
0.15610436473806075,0.04255732572583194
0.15607584762930746,0.04254512203926023
0.15604741550507348,0.04253294604548898
0.15601906860928788,0.04252079764966694
0.15599080618516076,0.04250867675737337
0.15596262795189472,0.04249658327461566
0.15593453315866432,0.0424845171078273
0.1559065220568202,0.042472478163865394
0.1558785943952086,0.042460466350008816
0.1558507492748475,0.042448481573955574
0.1558229866272813,0.042436523743820884
0.15579530606251546,0.04242459276813498
0.15576770807974546,0.042412688555840745
0.15574018975615184,0.04240081101629197
0.15571275324844827,0.04238896005925047
0.15568539755472421,0.042377135594884804
0.15565812254983905,0.04236533753376749
0.15563092731397854,0.04235356578687324
0.15560381208030175,0.04234182026517916
0.15557677614300072,0.04233010088124984
0.15554981911484803,0.042318407546859005
0.15552294088129764,0.04230674017456858
0.15549614108031018,0.04229509867733216
0.15546941979461512,0.04228348296849296
0.15544277636629675,0.042271892961781646
0.15541620944000764,0.04226032857131455
0.15538972023792877,0.042248789711591066
0.15536330765885342,0.042237276297492486
0.15533697260568738,0.04222578824427935
0.1553107125348809,0.042214325467589645
0.15528452827793282,0.04220288788343679
0.15525842056308925,0.0421914754082079
0.15523238774247414,0.04218008795866136
0.15520642990977565,0.04216872545192523
0.15518054662254446,0.04215738780549536
0.15515473772093719,0.04214607493723303
0.15512900323518672,0.042134786765363315
0.15510334248201627,0.042123523208473714
0.15507775504105914,0.04211228418551101
0.15505224073866905,0.04210106961578023
0.15502679928114643,0.04208987941894284
0.15500143091088367,0.04207871351501443
0.15497613416958025,0.042067571824363006
0.1549509103143654,0.04205645426770759
0.1549257579690147,0.042045360766115446
0.15490067661195436,0.04203429124100104
0.1548756664480583,0.04202324561412399
0.15485072773827724,0.04201222380758709
0.15482585923991649,0.04200122574383489
0.15480106136225072,0.041990251345651215
0.15477633323672496,0.04197930053615835
0.15475167503176376,0.04196837323881439
0.1547270866244026,0.04195746937741194
0.15470256716074243,0.04194658887607625
0.15467811683100907,0.04193573165926354
0.15465373517610678,0.04192489765175909
0.15462942179067976,0.041914086778675724
0.15460517649777297,0.041903298965451925
0.15458099946343176,0.04189253413785017
0.15455688980521776,0.04188179222195551
0.15453284800989922,0.04187107314417336
0.15450887267059407,0.041860376831228396
0.15448496475516252,0.04184970321016213
0.15446112273480106,0.041839052208332325
0.15443734763856296,0.04182842375341037
0.15441363840257905,0.04181781777337995
0.15438999512629656,0.041807234196535877
0.15436641707487317,0.041796672951481685
0.1543429052770047,0.04178613396712842
0.1543194573845097,0.04177561717269333
0.15429607502572262,0.04176512249769777
0.15427275694337686,0.041754649871965685
0.1542495036310584,0.041744199225622405
0.1542263137410515,0.0417337704890927
0.15420318808841657,0.04172336359309933
0.15418012595857164,0.041712978468273355
0.15415712784447222,0.0417026150467029
0.15413419193684166,0.041692273259609836
0.15411131888734256,0.04168195303889366
0.15408850864907594,0.0416716543167441
0.15406576124192328,0.04166137702563997
0.15404307590531607,0.04165112109834708
0.15402045245645662,0.04164088646791737
0.1539978902393558,0.041630673067687085
0.15397539002137492,0.04162048083127534
0.15395295102232753,0.0416103096925827
0.1539305726591527,0.04160015958578977
0.15390825526054797,0.04159003044535571
0.15388599837165384,0.04157992220601655
0.15386380193058546,0.04156983480278405
0.15384166578611036,0.041559768170945054
0.15381958928317466,0.04154972224605776
0.15379757209930037,0.04153969696395282
0.15377561505622805,0.04152969226073043
0.15375371692837597,0.0415197080727599
0.1537318776248838,0.041509744336677326
0.15371009709896782,0.041499800989384966
0.15368837568709007,0.04148987796804936
0.15366671224790424,0.04147997521010042
0.15364510656110444,0.04147009265322982
0.15362355922679433,0.04146023023538934
0.15360207016978075,0.04145038789479045
0.15358063773731867,0.04144056556990201
0.15355926268722098,0.04143076319944957
0.15353794465929477,0.0414209807224135
0.15351668394534526,0.04141121807802839
0.15349547987358025,0.04140147520578125
0.15347433258875864,0.041391752045410235
0.1534532404603717,0.041382048536903686
0.15343220466262014,0.04137236462049846
0.1534112250493159,0.041362700236678956
0.15339030124530387,0.04135305532617569
0.15336943262612082,0.041343429829964175
0.1533486194856871,0.04133382368926338
0.15332786073898824,0.04132423684553503
0.1533071583117944,0.04131466924048163
0.1532865084379274,0.04130512081604625
0.15326591422944053,0.04129559151440991
0.1532453745339073,0.04128608127799194
0.15322488828097086,0.04127659004944757
0.15320445624310816,0.0412671177716673
0.15318407730412056,0.04125766438777555
0.15316375241764993,0.04124822984112936
0.15314348057809476,0.04123881407531777
0.1531232622716237,0.04122941703415963
0.1531030964718389,0.04122003866170355
0.15308298344795954,0.04121067890222613
0.15306292323128978,0.04120133770023055
0.1530429150674238,0.041192015000446267
0.1530229591571544,0.04118271074782719
0.15300305533676345,0.04117342488755074
0.15298320317500436,0.04116415736501671
0.15296340272768066,0.04115490812584625
0.15294365363008874,0.041145677115880665
0.15292395587323393,0.041136464281180354
0.15290430893235893,0.04112726956802354
0.15288471307541304,0.04111809292290573
0.15286516798683228,0.041108934292537654
0.15284567338588598,0.04109979362346356
0.15282622975812774,0.041090670863583575
0.15280683506045892,0.041081565959870496
0.1527874913562374,0.041072478859887636
0.15276819726671514,0.04106340951140891
0.15274895272292557,0.04105435786241773
0.15272975790831558,0.041045323861105515
0.15271061195470917,0.0410363074558714
0.15269151542609244,0.04102730859532059
0.15267246800284154,0.041018327228263554
0.15265346930961146,0.041009363303715074
0.1526345191086076,0.04100041677089317
0.15261561740029186,0.04099148757921801
0.1525967642312381,0.04098257567831108
0.152577959621848,0.04097368101799392
0.15255920178339372,0.04096480354828752
0.15254049276046522,0.040955943219410915
0.15252183078486634,0.04094709998178039
0.15250321695495098,0.040938273786008984
0.15248464985871063,0.0409294645829043
0.1524661302503472,0.0409206723234689
0.15244765742330074,0.04091189695889841
0.15242923171476633,0.04090313844058117
0.15241085258973938,0.04089439672009672
0.1523925203840746,0.040885671749215494
0.15237423375375325,0.0408769634798973
0.15235599367137115,0.04086827186429068
0.15233779962869162,0.04085959685473201
0.1523196516247344,0.04085093840374452
0.1523015491764956,0.040842296464037316
0.1522834925681256,0.04083367098850445
0.15226548123191502,0.040825061930224275
0.15224751529423966,0.04081646924245825
0.15222959512553663,0.040807892878650213
0.15221171860354413,0.04079933279242537
0.15219388720564414,0.04079078893758955
0.1521761009716144,0.04078226126812811
0.15215835920298634,0.04077374973820541
0.15214066178283248,0.04076525430216356
0.15212300850565427,0.04075677491452187
0.15210539937459133,0.04074831152997582
0.15208783379624072,0.04073986410339601
0.1520703129031014,0.040731432589828
0.15205283501074196,0.040723016944490494
0.15203540101856175,0.04071461712277544
0.1520180102394491,0.04070623308024645
0.15200066287393815,0.040697864772638453
0.15198335738985302,0.04068951215585668
0.15196609613314896,0.04068117518597576
0.15194887702527057,0.04067285381923914
0.15193170062549932,0.040664548012057974
0.15191456716323415,0.04065625772101075
0.1518974757976992,0.04064798290284196
0.15188042659666262,0.040639723514461566
0.15186342023984237,0.04063147951294428
0.15184645490722345,0.04062325085552879
0.15182953164783386,0.04061503749961634
0.15181265038446584,0.04060683940277191
0.15179581087947497,0.04059865652272003
0.15177901158566656,0.0405904888173473
0.15176225447935024,0.040582336244699965
0.15174553837539495,0.04057419876298352
0.15172886319998458,0.0405660763305619
0.15171222907243093,0.04055796890595696
0.1516956353695895,0.0405498764478471
0.15167908335454527,0.04054179891506727
0.1516625701196902,0.040533736266607806
0.15164609797696607,0.04052568846161391
0.15162966627181015,0.04051765545938447
0.15161327469870503,0.040509637218996065
0.15159692307582778,0.04050163370080323
0.15158061079205454,0.04049364486418893
0.15156433859496746,0.04048567066906098
0.15154810582857794,0.04047771107547759
0.15153191265265792,0.04046976604364677
0.15151575917798346,0.04046183553392515
0.15149964453914044,0.04045391950681804
0.15148356899986554,0.04044601792297835
0.15146753236984817,0.04043813074320546
0.1514515346635641,0.04043025792844525
0.15143557528048068,0.04042239943978907
0.1514196547169163,0.04041455523847307
0.15140377280811176,0.0404067252858774
0.15138792920721703,0.040398909543525936
0.15137212357205854,0.040391107973085164
0.15135635633557096,0.04038332053636383
0.151340626833404,0.040375547195312056
0.15132493560273744,0.04036778791202071
0.15130928172241742,0.040360042648720965
0.1512936657173939,0.04035231136778332
0.15127808694669923,0.04034459403171728
0.1512625454495073,0.040336890603170424
0.1512470413132371,0.04032920104492796
0.15123157469461085,0.04032152531991194
0.15121614463714966,0.040313863391180746
0.15120075170218025,0.04030621522192845
0.1511853955012506,0.04029858077548405
0.151170076340809,0.04029096001531097
0.15115479340493237,0.0402833529050065
0.15113954725585346,0.04027575940830089
0.15112433679747228,0.04026817948905714
0.1511091628855549,0.040260613111270015
0.15109402519574436,0.040253060239065615
0.15107892446608973,0.040245520836700965
0.15106385779330392,0.040237994868562964
0.1510488283168489,0.040230482299168056
0.15103383358716754,0.040222983093161704
0.15101887474901335,0.0402154972153177
0.1510039513458559,0.04020802463053742
0.1509890633029288,0.04020056530384953
0.15097421137316427,0.040193119200409265
0.1509593931590529,0.04018568628549781
0.15094461018863697,0.040178266524521764
0.15092986268287714,0.040170859883012694
0.1509151504840254,0.04016346632662614
0.15090047171066895,0.040156085821141704
0.15088582849937177,0.04014871833246188
0.15087121922157568,0.04014136382661186
0.1508566441754576,0.040134022269738785
0.15084210401735446,0.04012669362811159
0.15082759855846198,0.040119377868119435
0.15081312556584117,0.04011207495627255
0.15079868741493793,0.040104784859200764
0.15078428299737653,0.04009750754365295
0.15076991239518917,0.04009024297649701
0.15075557557621413,0.040082991124719046
0.15074127255514969,0.04007575195542258
0.15072700234837128,0.0400685254358286
0.15071276568631198,0.04006131153327442
0.15069856223899666,0.040054110215213684
0.15068439238963505,0.040046921449215477
0.15067025511544635,0.040039745202963904
0.1506561513479387,0.0400325814442577
0.1506420800534199,0.04002543014100951
0.15062804119220777,0.04001829126124551
0.15061403558462372,0.04001116477310494
0.1506000622681743,0.04000405064483952
0.15058612151367376,0.03999694884481287
0.15057221309069482,0.039989859341500136
0.15055833756482317,0.03998278210348744
0.1505444927768095,0.039975717099471494
0.15053068104954165,0.03996866429825884
0.1505169008208065,0.03996162366876543
0.15050315302672818,0.039954595180017274
0.15048943662118758,0.03994757880114715
0.15047575224326074,0.0399405745010252
0.15046209931625615,0.039933582249742784
0.1504484776594747,0.0399266020163862
0.15043488799895777,0.03991963377051858
0.150421329467925,0.03991267748180913
0.15040780185712768,0.03990573312003271
0.15039430554997893,0.03989880065506944
0.15038084031042684,0.03989188005690411
0.1503674059951349,0.03988497129562599
0.15035400246410516,0.03987807434142788
0.15034062982790533,0.03987118916460636
0.15032728798902317,0.0398643157355605
0.15031397652732761,0.03985745402479199
0.15030069583511904,0.03985060400290458
0.1502874455983652,0.03984376564060387
0.15027422514767355,0.039836938908695954
0.15026103527062806,0.039830123778087964
0.15024787557858532,0.039823320219787336
0.15023474651933288,0.03981652820490107
0.1502216464566498,0.03980974770463578
0.15020857683477265,0.039802978690296795
0.15019553705140473,0.03979622113328812
0.1501825266822351,0.03978947500511171
0.15016954627127366,0.03978274027736702
0.1501565950375262,0.039776016921751096
0.15014367345879556,0.03976930491005751
0.15013078100735192,0.03976260421417618
0.15011791793778217,0.03975591480609312
0.15010508520442747,0.0397492366578897
0.15009228022595886,0.03974256974174271
0.1500795043480707,0.039735914029923325
0.15006675790756765,0.03972926949479723
0.150054040044513,0.03972263610882387
0.15004135132479993,0.03971601384455633
0.15002869086848464,0.03970940267464055
0.15001605945725666,0.039702802571815424
0.1500034562010583,0.03969621350891193
0.14999088154536847,0.03968963545885312
0.14997833555293794,0.039683068394653215
0.14996581752048777,0.03967651228941787
0.1499533279515376,0.0396699671163433
0.14994086655553843,0.03966343284871606
0.14992843313104232,0.03965690945991254
0.14991602742629292,0.03965039692339885
0.14990364982163945,0.03964389521273027
0.14989130004358736,0.03963740430155058
0.14987897796883237,0.03963092416359224
0.1498666838499479,0.039624454772675705
0.14985441708507324,0.03961799610270888
0.14984217806122505,0.03961154812768721
0.14982996606384438,0.03960511082169285
0.14981778133403506,0.039598684158894594
0.14980562422035873,0.039592268113547505
0.14979349400557065,0.03958586265999207
0.14978139122199335,0.039579467772654635
0.14976931550827768,0.039573083426046436
0.14975726669855727,0.0395667095947634
0.14974524474669593,0.03956034625348585
0.14973324921409986,0.03955399337697812
0.1497212810559769,0.039547650940088275
0.1497093390704557,0.039541318917747516
0.14969742407650088,0.0395349972849699
0.1496855355159245,0.039528686016852506
0.14967367358195616,0.039522385088574113
0.14966183785698922,0.039516094475395856
0.14965002797786936,0.03950981415266023
0.1496382453858615,0.03950354409579079
0.1496264877661736,0.039497284280292304
0.14961475713350597,0.039491034681749755
0.14960305141204755,0.03948479527582861
0.14959137261072414,0.039478566038273856
0.1495797194703135,0.03947234694491032
0.14956809198839496,0.03946613797164189
0.1495564900062367,0.039459939094451287
0.14954491410975193,0.03945375028939999
0.149533364042202,0.039447571532627124
0.14952183884685138,0.03944140280035038
0.14951033940899983,0.039435244068864644
0.14949886521999525,0.03942909531454193
0.14948741625887652,0.03942295651383176
0.14947599278282359,0.039416827643259406
0.14946459420604222,0.03941070867942699
0.14945322101470754,0.03940459959901245
0.14944187256428765,0.039398500378400966
0.14943054946101514,0.03939241099515652
0.14941925086390123,0.03938633142581639
0.14940797702900604,0.039380261647359346
0.14939672813973087,0.03937420163683828
0.1493855047568885,0.03936815137138045
0.14937430444784017,0.03936211082818683
0.1493631295176855,0.03935607998453179
0.1493519790376167,0.03935005881776306
0.14934085275166356,0.03934404730530116
0.14932975135780616,0.0393380454246392
0.14931867366032262,0.039332053153342574
0.14930762020058297,0.03932607046904874
0.14929659117835453,0.039320097349466836
0.14928558643764486,0.03931413377237728
0.14927460536339326,0.03930817971563181
0.14926364787552832,0.03930223515715293
0.14925271511690671,0.039296300074933434
0.14924180581894178,0.03929037444703683
0.14923092042471697,0.03928445825159616
0.14922005833723248,0.03927855146681444
0.14920922027560582,0.0392726540709639
0.14919840558051717,0.03926676604238597
0.14918761453157867,0.03926088735949088
0.14917684689459737,0.039255018000757425
0.1491661027044876,0.039249157944732695
0.14915538177233495,0.039243307170031834
0.14914468416224222,0.03923746565533745
0.14913400968125912,0.03923163337940004
0.14912335889223688,0.03922581032103687
0.14911272983444232,0.03921999645913243
0.14910212480205123,0.039214191772637436
0.14909154248933001,0.039208396240569494
0.14908098302685716,0.03920260984201196
0.14907044646372425,0.03919683255611403
0.1490599337678167,0.039191064362090786
0.1490494420723076,0.03918530523922229
0.14903897350919107,0.039179555166853744
0.1490285276742101,0.039173814124395155
0.14901810517401864,0.039168082091321096
0.14900770373352018,0.03916235904717042
0.14899732543780128,0.039156644971545806
0.14898696949920445,0.039150939844113906
0.14897663643188827,0.039145243644604824
0.14896632432295645,0.039139556352811904
0.14895603486770073,0.03913387794859138
0.14894576776579838,0.039128208411862424
0.14893552257026138,0.03912254772260655
0.14892529971266016,0.03911689586086752
0.14891509831486613,0.03911125280675131
0.1489049191775663,0.03910561854042538
0.14889476220984496,0.03909999304211876
0.14888462584339457,0.03909437629212192
0.148874512370326,0.03908876827078625
0.14886442023165336,0.0390831689585238
0.14885434903757994,0.03907757833580743
0.14884430066149262,0.03907199638316987
0.14883427247531675,0.03906642308120449
0.14882426635684617,0.03906085841056398
0.14881428179100653,0.03905530235196093
0.14880431863235538,0.03904975488616722
0.1487943768108028,0.0390442159940138
0.14878445521279368,0.03903868565639046
0.14877455535235473,0.03903316385424592
0.14876467645098004,0.03902765056858698
0.14875481908418095,0.039022145780478884
0.14874498256385468,0.039016649471044794
0.1487351674825766,0.03901116162146549
0.1487253719680253,0.03900568221297955
0.1487155977140594,0.03900021122688262
0.1487058448515436,0.0389947486445274
0.14869611265630822,0.038989294447323686
0.1486864007139668,0.03898384861673764
0.14867670947580147,0.03897841113429205
0.14866703929427733,0.038972981981565694
0.1486573890676733,0.03896756114019343
0.1486477593862698,0.03896214859186589
0.14863815007058048,0.03895674431832922
0.14862856169874283,0.03895134830138486
0.14861899309224688,0.03894596052288926
0.148609444400699,0.038940580964754175
0.14859991674551334,0.03893520960894558
0.14859040869664658,0.03892984643748412
0.14858092113637095,0.03892449143244452
0.1485714539382231,0.03891914457595603
0.148562005851217,0.038913805850201155
0.1485525777638149,0.038908475237416425
0.14854317001987197,0.03890315271989173
0.1485337821118759,0.03889783827997008
0.14852441384805334,0.03889253190004747
0.14851506553327107,0.03888723356257304
0.1485057366607384,0.03888194324968232
0.14849642749179326,0.03887666094465941
0.14848713823952678,0.03887138662974611
0.14847786827191828,0.0388661202876006
0.14846861777003373,0.038860861900932894
0.14845938715187335,0.03885561145250452
0.1484501754083433,0.03885036892512849
0.14844098321847168,0.038845134301669075
0.14843180993054952,0.03883990756504155
0.14842265697817528,0.038834688698211745
0.14841352198233643,0.03882947768419674
0.1484044066294112,0.03882427450606348
0.14839531046454396,0.03881907914692944
0.14838623371073123,0.03881389158996211
0.14837717525824098,0.03880871181837884
0.1483681363310643,0.03880353981544662
0.14835911595518464,0.0387983755644821
0.14835011459708564,0.03879321904885106
0.14834113264605475,0.03878807025196848
0.14833216863320664,0.03878292915729829
0.14832322349084345,0.03877779574835317
0.14831429717203862,0.03877267000869431
0.14830538962373013,0.03876755192193125
0.14829650084004392,0.03876244147172196
0.14828763029283426,0.038757338641772235
0.14827877854151142,0.038752243415835705
0.14826994469642799,0.0387471557777138
0.14826112960127844,0.03874207571125532
0.14825233279304104,0.03873700320035634
0.14824355475156883,0.038731938228960205
0.14823479464342515,0.038726880781057085
0.1482260526538163,0.03872183084068397
0.14821732889647876,0.03871678839192448
0.1482086240314499,0.03871175341890858
0.14819993606373905,0.038706725905812596
0.1481912663778856,0.03870170583685889
0.14818261534426966,0.03869669319631562
0.14817398145418104,0.03869168796849691
0.14816536626652965,0.0386866901377622
0.1481567688927194,0.03868169968851659
0.14814818875354632,0.038676716605210174
0.14813962658291796,0.03867174087233822
0.14813108253146692,0.03866677247444104
0.1481225559368889,0.038661811396103266
0.14811404714650897,0.03865685762195441
0.1481055558135394,0.03865191113666854
0.14809708230408816,0.03864697192496341
0.14808862591054794,0.03864203997160135
0.14808018740850712,0.03863711526138837
0.14807176627085847,0.03863219777917432
0.14806336257359248,0.03862728750985249
0.1480549759624929,0.03862238443835978
0.1480466068853702,0.038617488549676234
0.14803825482666538,0.03861259982882502
0.14802992016373503,0.03860771826087224
0.14802160306888065,0.03860284383092686
0.14801330272212726,0.03859797652414042
0.1480050196334303,0.03859311632570695
0.14799675349215943,0.03858826322086277
0.14798850458767296,0.038583417194886345
0.14798027270192138,0.03857857823309832
0.1479720571574924,0.03857374632086097
0.14796385919708419,0.03856892144357844
0.14795567779461352,0.038564103586696354
0.14794751336957512,0.03855929273570173
0.147939365595027,0.03855448887612296
0.14793123496330787,0.03854969199352929
0.14792312018083018,0.038544902073531166
0.1479150228107491,0.03854011910177966
0.14790694181245997,0.03853534306396662
0.14789887806236962,0.038530573945824424
0.1478908298033818,0.038525811733125616
0.14788279854708852,0.03852105641168312
0.14787478312806301,0.03851630796735002
0.14786678493447594,0.03851156638601888
0.1478588027652451,0.03850683165362263
0.1478508370151401,0.03850210375613348
0.14784288791119413,0.03849738267956317
0.14783495455001475,0.03849266840996284
0.14782703753420837,0.038487960933422986
0.14781913690405007,0.03848326023607284
0.14781125242281734,0.03847856630408074
0.1478033842226209,0.03847387912365384
0.147795531786489,0.03846919868103798
0.14778769546373816,0.03846452496251732
0.1477798751401726,0.0384598579544146
0.14777207085820068,0.03845519764309064
0.14776428293812502,0.03845054401494444
0.1477565100569988,0.038445897056413
0.14774875319780623,0.038441256753971025
0.14774101243683452,0.038436623094130935
0.1477332874935049,0.03843199606344273
0.14772557806059505,0.03842737564849403
0.14771788460987975,0.0384227618359092
0.14771020656526362,0.038418154612350514
0.1477025442064061,0.03841355396451663
0.14769489763371196,0.03840895987914314
0.147687266469271,0.0384043723430031
0.1476796505844159,0.03839979134290535
0.14767205061436717,0.03839521686569547
0.14766446624127133,0.03839064889789141
0.14765689663498732,0.038386087427138615
0.14764934286756978,0.038381532440028586
0.14764180427507884,0.03837698392355166
0.14763428107661183,0.038372441864734125
0.1476267731130087,0.03836790625063789
0.1476192806360002,0.03836337706836057
0.14761180310591793,0.03835885430503526
0.1476043404678995,0.038354337947830296
0.14759689309229002,0.03834982798394942
0.14758946129741857,0.03834532440063122
0.1475820438404249,0.03834082718514955
0.14757464231839848,0.038336336324813064
0.14756725503318704,0.03833185180696499
0.14755988270347914,0.03832737361898329
0.14755252552148024,0.03832290174828039
0.14754518388323606,0.03831843618230314
0.14753785555319168,0.03831397690853269
0.14753054315592937,0.03830952391448403
0.1475232453641108,0.03830507718770658
0.14751596192293398,0.03830063671578336
0.147508693810677,0.038296202486331296
0.147501440009234,0.03829177448700095
0.14749420090606594,0.03828735270547639
0.14748697638122926,0.03828293712947506
0.14747976656311326,0.03827852774674803
0.14747257129341326,0.038274124545079086
0.14746539081056906,0.038269727512285474
0.14745822391059937,0.03826533663621725
0.1474510719386238,0.03826095190475719
0.14744393477611836,0.03825657330582111
0.1474368121746967,0.03825220082735725
0.14742970263450586,0.03824783445734639
0.1474226082762437,0.038243474183801696
0.14741552890311893,0.03823911999476865
0.147408462367851,0.03823477187832491
0.1474014108181917,0.03823042982258019
0.14739437327356217,0.03822609381567614
0.14738734972158904,0.03822176384578629
0.14738034087029753,0.03821743990111578
0.1473733455662407,0.0382131219699016
0.14736636439256573,0.03820881004041204
0.14735939730508674,0.03820450410094684
0.14735244431057848,0.03820020413983729
0.1473455052037226,0.03819591014544549
0.14733857990407526,0.0381916221061648
0.14733166910889298,0.0381873400104196
0.1473247714550009,0.038183063846665075
0.14731788809950724,0.03817879360338731
0.14731101781638434,0.03817452926910286
0.14730416175316616,0.03817027083235888
0.1472973201905827,0.03816601828173305
0.14729049111389514,0.0381617716058334
0.14728367629091974,0.038157530793298255
0.14727687516955598,0.03815329583279587
0.14727008769875008,0.038149066713024614
0.14726331398972745,0.038144843422713064
0.14725655331286944,0.038140625950619345
0.14724980632292614,0.03813641428553138
0.14724307283713334,0.038132208416266716
0.14723635296831158,0.038128008331672535
0.14722964678064251,0.03812381402062537
0.14722295327779233,0.0381196254720311
0.1472162736273877,0.03811544267482479
0.1472096072084155,0.03811126561797068
0.14720295431433536,0.03810709429046225
0.14719631451078347,0.03810292868132162
0.14718968797363283,0.03809876877959978
0.1471830746318277,0.03809461457437664
0.14717647462163275,0.03809046605476067
0.1471698875326072,0.03808632320988896
0.14716331386652676,0.038082186028926816
0.14715675314539284,0.038078054501068284
0.14715020538187973,0.03807392861553538
0.14714367090705935,0.038069808361578375
0.14713714951061885,0.03806569372847564
0.14713064109248075,0.03806158470553361
0.14712414574703234,0.03805748128208633
0.14711766300083579,0.03805338344749604
0.1471111939537489,0.03804929119115236
0.14710473660885948,0.03804520450247265
0.14709829256686904,0.03804112337090173
0.1470918614377805,0.038037047785912007
0.14708544310469576,0.038032977737003044
0.1470790376002776,0.038028913213701686
0.14707264461159042,0.03802485420556201
0.14706626466543068,0.03802080070216506
0.1470598971775258,0.03801675269311897
0.1470535421449999,0.038012710168058635
0.14704719991215368,0.03800867311664581
0.1470408711436112,0.0380046415285689
0.14703455354664277,0.03800061539354307
0.14702824911734122,0.037996594701309866
0.14702195800679338,0.0379925794416373
0.1470156779180372,0.037988569604319886
0.147009411037508,0.03798456517917816
0.14700315640948688,0.03798056615605905
0.14699691394170084,0.037976572524835474
0.1469906845269262,0.037972584275406306
0.14698446709452645,0.037968601397696554
0.1469782618359728,0.03796462388165684
0.14697206929126874,0.037960651717263656
0.14696588881396647,0.03795668489451916
0.1469597213659633,0.03795272340345099
0.14695356432126655,0.037948767234112495
0.1469474208608274,0.037944816376582216
0.14694128923733646,0.03794087082096411
0.1469351700834531,0.03793693055738745
0.1469290622033158,0.037932995576006566
0.14692296662619758,0.037929065867001024
0.14691688347464932,0.037925141420211
0.14691081228327557,0.03792122222659308
0.14690475274599515,0.0379173082760385
0.14689870579197353,0.03791339955882639
0.14689267051170887,0.03790949606526035
0.14688664711412194,0.03790559778566867
0.14688063647607824,0.03790170471040411
0.1468746363409664,0.03789781682984395
0.14686864858539667,0.03789393413438975
0.1468626729739901,0.037890056614467406
0.14685670875267084,0.03788618426052701
0.14685075649357138,0.037882317063042716
0.14684481589112666,0.03787845501251283
0.14683888705615358,0.03787459809945948
0.14683296998853773,0.03787074631442887
0.14682706456981134,0.03786689964799088
0.14682117069159067,0.0378630580907391
0.14681528852906914,0.037859221633290994
0.14680941844825635,0.03785539026628723
0.1468035592043023,0.03785156398039233
0.1467977117299556,0.037847742766294275
0.14679187583141745,0.03784392661470403
0.1467860517948077,0.03784011551635618
0.1467802389774282,0.03783630946200832
0.14677443729520306,0.037832508442441334
0.1467686470117186,0.037828712448459055
0.1467628692245494,0.03782492147088833
0.14675710155551913,0.03782113550057899
0.14675134592640865,0.037817354528403464
0.1467456014704616,0.03781357854525725
0.14673986806848505,0.03780980754205834
0.14673414639903787,0.03780604150974744
0.1467284350636208,0.03780228043928777
0.14672273621267398,0.03779852432166492
0.14671704762917065,0.03779477314788703
0.14671137060823183,0.03779102690898453
0.14670570504030678,0.037787285596010106
0.14670005031685013,0.037783549200038624
0.1466944063025398,0.03777981771216699
0.14668877421905063,0.0377760911235144
0.14668315293280118,0.037772369425221754
0.14667754206596775,0.03776865260845192
0.14667194368042089,0.03776494066438978
0.1466663547499708,0.03776123358424179
0.14666077720223983,0.03775753135923621
0.1466552112241099,0.03775383398062282
0.14664965530656843,0.03775014143967315
0.14664411092423854,0.03774645372768003
0.14663857730658375,0.03774277083595786
0.14663305424624398,0.03773909275584241
0.14662754257314126,0.037735419478690496
0.14662204110175686,0.037731750995880504
0.14661655097948767,0.03772808729881172
0.14661107152228386,0.03772442837890472
0.1466056025902914,0.037720774227600895
0.1466001445751214,0.03771712483636278
0.14659469696271604,0.037713480196673685
0.14658926023118993,0.03770984030003782
0.1465838340908427,0.03770620513798017
0.14657841899748453,0.037702574702046285
0.14657301413742338,0.03769894898380247
0.14656761989907663,0.037695327974835637
0.14656223647437405,0.037691711666753
0.14655686343535365,0.037688100051182484
0.14655150109682927,0.03768449311977223
0.14654614885030104,0.037680890864190665
0.14654080718949006,0.03767729327612655
0.14653547598840883,0.03767370034728885
0.14653015566189287,0.037670112069406396
0.14652484558777545,0.03766652843422853
0.1465195456049512,0.03766294943352418
0.14651425642610336,0.03765937505908253
0.1465089770657008,0.0376558053027124
0.14650370797028842,0.03765224015624248
0.14649844986241384,0.037648679611521296
0.14649320160986085,0.03764512366041698
0.14648796373638412,0.03764157229481732
0.14648273633142805,0.037638025506629674
0.14647751844005186,0.03763448328778105
0.14647231161504254,0.03763094563021741
0.14646711434423998,0.037627412525904826
0.14646192766929336,0.03762388396682811
0.1464567508846795,0.037620359944991646
0.1464515841474248,0.03761684045241895
0.14644642820349163,0.03761332548115252
0.1464412818358063,0.03760981502325431
0.14643614524610843,0.03760630907080494
0.1464310188139312,0.03760280761590434
0.1464259024191183,0.03759931065067095
0.146420796289615,0.03759581816724237
0.14641569990863107,0.03759233015777499
0.14641061355421808,0.03758884661444376
0.14640553799761813,0.037585367529442595
0.1464004708722493,0.037581892894983704
0.1463954144217415,0.03757842270329807
0.14639036777375228,0.03757495694663513
0.14638533116818375,0.037571495617262904
0.1463803037579244,0.03756803870746758
0.1463752867470974,0.037564586209553795
0.14637027925556031,0.0375611381158446
0.14636528171417618,0.037557694418681176
0.1463602936696527,0.03755425511042275
0.1463553158231035,0.03755082018344683
0.14635034708147415,0.03754738963014901
0.1463453887689682,0.037543963442942765
0.1463404397686376,0.037540541614259654
0.14633550031602027,0.03753712413654914
0.1463305703031426,0.03753371100227838
0.14632565029075748,0.03753030220393243
0.14632073999302178,0.037526897734014096
0.14631583962920514,0.03752349758504388
0.14631094764250704,0.03752010174955989
0.14630606552069494,0.0375167102201178
0.1463011935249144,0.03751332298929082
0.14629633072007736,0.037509940049669614
0.14629147760636604,0.037506561393862305
0.14628663334229056,0.03750318701449443
0.1462817992566582,0.037499816904208706
0.14627697409461174,0.03749645105566521
0.1462721585550623,0.03749308946154116
0.14626735234368526,0.03748973211453116
0.14626255538877778,0.0374863790069814
0.14625776811516816,0.03748303013234963
0.14625298998812714,0.03747968548301756
0.14624822099500498,0.03747634505174778
0.14624346160110488,0.03747300883131959
0.14623871133130534,0.03746967681452936
0.14623397035608413,0.03746634899419022
0.14622923868290688,0.03746302536313206
0.1462245158825456,0.03745970591420139
0.14621980305057386,0.03745639064026152
0.14621509858495751,0.03745307953419218
0.14621040345051314,0.037449772588889874
0.14620571783536457,0.03744646979726722
0.1462010410746289,0.037443171152253894
0.14619637346842648,0.03743987664679536
0.14619171507324397,0.03743658627385401
0.14618706550581143,0.03743330002640799
0.14618242531914175,0.037430017897452074
0.1461777946162158,0.03742673987999713
0.14617317160455523,0.03742346596707027
0.14616855810766718,0.037420196151714484
0.1461639544546956,0.03741693042698922
0.1461593584990493,0.03741366878596961
0.1461547721606907,0.03741041122174687
0.146150195119835,0.03740715772742816
0.14614562628029187,0.03740390829613654
0.14614106644305103,0.037400662921010845
0.14613651567261549,0.03739742159520573
0.14613197357939064,0.03739418431189158
0.1461274405004903,0.037390951064254455
0.1461229164429735,0.037387721845496096
0.14611840115918254,0.037384496648833775
0.14611389492472557,0.03738127546750047
0.14610939628476938,0.0373780582947445
0.14610490732061865,0.03737484512382973
0.14610042679584362,0.037371635948035366
0.1460959552358892,0.03736843076065613
0.14609149210846503,0.037365229555001996
0.14608703783789553,0.03736203232439805
0.14608259223335288,0.037358839062184984
0.14607815513696104,0.03735564976171835
0.14607372693937976,0.037352464416368934
0.1460693073493155,0.03734928301952282
0.14606489641440992,0.037346105564580824
0.1460604939909476,0.037342932044959136
0.1460560998643307,0.03733976245408857
0.1460517142509413,0.0373365967854152
0.1460473374201618,0.037333435032399595
0.14604296914669407,0.037330277188517516
0.14603861008035693,0.03732712324725944
0.1460342579664828,0.03732397320213047
0.14602991492176015,0.03732082704665057
0.14602558057462792,0.03731768477435411
0.1460212550832579,0.03731454637879056
0.1460169369081736,0.037311411853523255
0.14601262779800286,0.03730828119213148
0.14600832737044975,0.03730515438820707
0.14600403560417252,0.037302031435357694
0.1459997505187204,0.03729891232720506
0.1459954749860106,0.03729579705738513
0.1459912076010651,0.0372926856195484
0.14598694835771447,0.037289578007359575
0.145982697633489,0.03728647421449761
0.14597845528702177,0.03728337423465559
0.1459742209488361,0.037280278061540904
0.14596999470576408,0.03727718568887498
0.14596577684297424,0.03727409716753029
0.14596156727157758,0.037271012377170974
0.14595736623582184,0.03726793136850914
0.14595317303924937,0.03726485413532252
0.14594898819982935,0.03726178067140246
0.14594481063320627,0.03725871097055438
0.14594064210763022,0.03725564502659751
0.14593648088287367,0.037252582833364876
0.14593232856081906,0.037249524384703185
0.14592818437731755,0.03724646967447308
0.14592404769230713,0.03724341869654871
0.1459199194460843,0.03724037144481798
0.1459157987447795,0.037237327913182315
0.14591168695304937,0.03723428809555679
0.14590758226706402,0.03723125198586995
0.14590348590486474,0.03722821957806394
0.14589939744017275,0.037225190866094215
0.145895317277474,0.03722216584392972
0.1458912451339125,0.0372191445055528
0.14588717988463132,0.03721612684495912
0.1458831231131431,0.0372131128561576
0.14587907467621428,0.037210102533170586
0.14587503394325274,0.03720709587003339
0.14587100086324026,0.037204092860794805
0.14586697569374282,0.03720109349951654
0.14586295867992005,0.037198097780273554
0.14585894910606503,0.03719510569715386
0.14585494746849728,0.037192117244258444
0.14585095350326904,0.0371891324157014
0.1458469674168203,0.03718615120560973
0.1458429891030933,0.03718317360812335
0.14583901837658475,0.037180199617395125
0.14583505583012252,0.037177229227590716
0.14583110116417822,0.037174262432888724
0.1458271529324523,0.03717129922748043
0.14582321337972812,0.03716833960556973
0.1458192812992932,0.037165383561373694
0.14581535693183664,0.03716243108912158
0.14581144004302252,0.03715948218305546
0.1458075310568311,0.03715653683743012
0.14580362942433497,0.03715359504651274
0.14579973551771458,0.037150656804583224
0.1457958491950699,0.03714772210593389
0.14579197043236392,0.03714479094486938
0.1457880992475621,0.03714186331570696
0.14578423628131057,0.03713893921277629
0.1457803798796417,0.0371360186304193
0.14577653096649934,0.0371331015629904
0.1457726901377984,0.03713018800485594
0.14576885650575197,0.037127277950394985
0.14576503037074365,0.0371243713936331
0.145761211667386,0.03712146832970326
0.14575740027009873,0.03711856875265662
0.1457535967542146,0.03711567265692058
0.1457498003046762,0.03711278003693498
0.14574601130216563,0.0371098908871514
0.14574222972209136,0.03710700520203356
0.14573845544687525,0.03710412297605715
0.14573468850845483,0.037101244203709825
0.14573092908057944,0.03709836887949118
0.14572717703398863,0.03709549699791268
0.14572343227718934,0.03709262855349762
0.14571969445835548,0.03708976354078117
0.1457159645071865,0.037086901954310234
0.14571224176228986,0.037084043788643564
0.14570852588752148,0.037081189038351524
0.14570481739203975,0.037078337698016224
0.14570111635417715,0.0370754897622315
0.14569742215022158,0.037072645225602704
0.14569373636870148,0.03706980408274678
0.14569005567501128,0.03706696632829245
0.1456863834179754,0.03706413195687969
0.1456827181890822,0.03706130096316011
0.14567905985219287,0.037058473341796766
0.1456754091317893,0.03705564908746422
0.14567176554491168,0.03705282819484838
0.14566812888283157,0.03705001065864656
0.14566449932883074,0.037047196473567266
0.1456608767304478,0.03704438563433053
0.14565726145993588,0.0370415781356676
0.14565365298656693,0.03703877397232096
0.14565005147820098,0.03703597313904421
0.14564645756667274,0.037033175630602294
0.145642870207576,0.03703038144177128
0.14563929029069947,0.03702759056733837
0.14563571682657722,0.0370248030021018
0.14563215073847044,0.037022018740870945
0.14562859117576388,0.037019237778466184
0.14562503908253377,0.037016460109718805
0.14562149390211648,0.03701368572947129
0.14561795558790294,0.037010914632576906
0.14561442392593524,0.03700814681389989
0.14561089973810054,0.03700538226831541
0.14560738175537524,0.03700262099070939
0.1456038711436151,0.036999862975978695
0.14560036693433548,0.036997108219030905
0.1455968697893768,0.036994356714784335
0.14559337983241366,0.03699160845816822
0.14558989636156996,0.03698886344412238
0.14558641986079934,0.03698612166759719
0.1455829501806488,0.036983383123554016
0.1455794874102446,0.03698064780696455
0.1455760313293718,0.03697791571281119
0.14557258170971354,0.03697518683608695
0.14556913877931021,0.036972461171795305
0.14556570298451513,0.03696973871495031
0.14556227384821518,0.03696701946057629
0.14555885155590578,0.03696430340370847
0.14555543629404258,0.03696159053939203
0.14555202680659846,0.036958880862682904
0.14554862434394605,0.03695617436864707
0.14554522929343972,0.03695347105236111
0.14554183966402492,0.0369507709089119
0.1455384572145989,0.03694807393339638
0.14553508161273324,0.03694538012092204
0.14553171312181767,0.03694268946660644
0.14552835008225892,0.03694000196557729
0.14552499401251745,0.03693731761297267
0.1455216448579571,0.03693463640394065
0.1455183021437233,0.03693195833363947
0.14551496568916192,0.0369292833972375
0.14551163623001764,0.03692661158991312
0.14550831293987837,0.03692394290685484
0.14550499645732135,0.03692127734326101
0.14550168659074694,0.03691861489434017
0.14549838353702882,0.03691595555531078
0.14549508586042956,0.03691329932140111
0.1454917955311131,0.03691064618784948
0.14548851149610018,0.03690799614990402
0.14548523358004514,0.03690534920282272
0.1454819624225735,0.03690270534187342
0.1454786976734841,0.03690006456233377
0.14547543910668287,0.036897426859491225
0.14547218727807149,0.036894792228642816
0.14546894168675217,0.03689216066509557
0.14546570259333155,0.03688953216416604
0.14546247011726346,0.03688690672118052
0.14545924338023622,0.0368842843314749
0.14545602336540844,0.03688166499039477
0.14545280978294936,0.03687904869329519
0.14544960246524993,0.03687643543554098
0.14544640128802344,0.03687382521250632
0.1454432061527925,0.036871218019575026
0.14544001759287878,0.03686861385214043
0.14543683563796844,0.0368660127056052
0.145433659554256,0.036863414575381566
0.14543048994981306,0.0368608194568912
0.14542732672291156,0.036858227345565125
0.1454241700448177,0.0368556382368437
0.14542101851934278,0.036853052126176726
0.14541787358606248,0.03685046900902322
0.14541473527117585,0.036847888880851526
0.14541160284532925,0.036845311737139404
0.1454084767894535,0.03684273757337369
0.14540535673448762,0.03684016638505045
0.14540224284206274,0.03683759816767511
0.14539913509981822,0.036835032916762135
0.14539603346826965,0.03683247062783512
0.14539293825227137,0.036829911296426945
0.14538984943089014,0.03682735491807948
0.14538676565313777,0.03682480148834368
0.1453836884443283,0.036822251002779666
0.14538061745588582,0.036819703456956385
0.14537755262097032,0.036817158846452
0.14537449343061426,0.03681461716685367
0.14537144133607652,0.03681207841375718
0.145368393991558,0.03680954258276775
0.14536535336487577,0.036807009669499194
0.14536231823493445,0.03680447966957435
0.14535928963068653,0.036801952578624814
0.1453562670704464,0.03679942839229108
0.1453532501328708,0.036796907106222694
0.14535023951459547,0.03679438871607758
0.14534723511410738,0.03679187321752275
0.14534423559937754,0.03678936060623389
0.14534124295669265,0.036786850877895405
0.1453382557230366,0.036784344028200446
0.1453352744855888,0.036781840052850755
0.1453322998153977,0.03677933894755708
0.14532933023107708,0.03677684070803824
0.14532636701312995,0.03677434533002216
0.14532340935324858,0.036771852809245165
0.14532045760048137,0.03676936314145221
0.14531751224914868,0.03676687632239678
0.14531457228807104,0.036764392347840937
0.14531163848541648,0.03676191121355512
0.14530871007356463,0.03675943291531847
0.14530578754984297,0.03675695744891845
0.1453028707048512,0.03675448480978394
0.14529996008920718,0.036752014994452395
0.1452970550694163,0.03674954799837064
0.14529415589614925,0.036747083817359714
0.14529126220494293,0.03674462244724922
0.1452883744282419,0.03674216388387707
0.14528549257211176,0.03673970812308925
0.14528261641501314,0.03673725516074039
0.14527974602817764,0.036734804992693194
0.14527688115660434,0.036732357614818675
0.14527402173068116,0.03672991302299609
0.14527116869388929,0.03672747121311281
0.14526832130471623,0.03672503218106457
0.1452654786523619,0.036722595922755105
0.14526264231381383,0.03672016243409641
0.1452598117243343,0.036717731711008596
0.14525698711248175,0.03671530374941978
0.14525416731232876,0.036712878545266336
0.14525135343517964,0.03671045609449259
0.14524854504353263,0.036708036393050925
0.14524574248059066,0.0367056194369017
0.14524294564129833,0.036703205222013466
0.14524015503850127,0.03670079374436253
0.14523736852774774,0.03669838499993333
0.14523458821249977,0.03669597898471828
0.14523181354158138,0.036693575694717415
0.14522904441227052,0.03669117512593901
0.14522628086399644,0.03668877727439908
0.1452235229816699,0.03668638213612161
0.1452207700309391,0.036683989707138195
0.14521802301596656,0.03668159998348851
0.14521528138806855,0.03667921296121996
0.1452125451535291,0.03667682863638754
0.1452098147515615,0.036674447005054414
0.14520708983154879,0.0366720680632911
0.1452043702894258,0.03666969180717601
0.1452016559240214,0.036667318232795315
0.14519894726259652,0.036664947336242745
0.14519624358849853,0.0366625791136198
0.14519354611580781,0.03666021356103561
0.14519085385010164,0.03665785067460689
0.145188166820022,0.036655490450458024
0.14518548491428304,0.03665313288472095
0.14518280848702592,0.03665077797353521
0.14518013754760534,0.03664842571304781
0.14517747184856072,0.03664607609941352
0.145174811948725,0.03664372912879422
0.14517215705314723,0.03664138479735969
0.1451695076916821,0.036639043101287044
0.1451668634470324,0.03663670403676079
0.14516422461026,0.036634367599972927
0.14516159101233103,0.03663203378712301
0.14515896260347907,0.036629702594417723
0.1451563399501054,0.03662737401807133
0.14515372300372054,0.03662504805430536
0.14515110966920608,0.03662272469934889
0.1451485027758138,0.03662040394943808
0.14514590144113007,0.03661808580081643
0.14514330431874004,0.036615770249734975
0.14514071273246976,0.036613457292451836
0.1451381271164166,0.03661114692523228
0.14513554550832186,0.036608839144349106
0.14513297009802137,0.03660653394608175
0.14513039932503535,0.036604231326718376
0.14512783422287484,0.03660193128255213
0.14512527431665947,0.03659963380988486
0.14512271936264243,0.03659733890502504
0.14512016935412939,0.03659504656428858
0.14511762482759152,0.03659275678399806
0.14511508554683294,0.03659046956048369
0.1451125509291421,0.03658818489008219
0.1451100218506762,0.03658590276913771
0.14510749772197123,0.03658362319400143
0.14510497876237344,0.036581346161031494
0.14510246525731443,0.036579071666592945
0.14509995637164655,0.036576799707058114
0.14509745267784205,0.03657453027880598
0.14509495415984688,0.0365722633782226
0.14509246054216132,0.03656999900170112
0.1450899723066965,0.03656773714564136
0.14508748860499426,0.03656547780645032
0.14508501030007614,0.036563220980541614
0.14508253698421145,0.03656096666433594
0.14508006948896382,0.036558714854260724
0.14507760539437137,0.03655646554675035
0.14507514728718968,0.036554218738245894
0.14507269426575184,0.03655197442519534
0.1450702457307364,0.036549732604053475
0.1450678023733547,0.03654749327128166
0.14506536391008745,0.03654525642334838
0.14506293057166264,0.03654302205672841
0.14506050242661234,0.03654079016790371
0.14505807912084615,0.03653856075336257
0.1450556605785259,0.03653633380960025
0.14505324718859794,0.03653410933311843
0.1450508385061492,0.03653188732042565
0.1450484351433584,0.03652966776803702
0.14504603587889978,0.03652745067247427
0.14504364245296056,0.036525236030265744
0.14504125287357558,0.03652302383794637
0.14503886913847233,0.0365208140920577
0.14503648971287642,0.03651860678914781
0.1450341160956612,0.036516401925771325
0.14503174587389403,0.03651419949848941
0.14502938162060547,0.03651199950386972
0.14502702165303746,0.03650980193848648
0.14502466623694749,0.0365076067989203
0.1450223165840239,0.03650541408175832
0.14501997092718208,0.036503223783594003
0.14501763054155292,0.036501035901027636
0.14501529472366653,0.03649885043066536
0.1450129638329339,0.03649666736912028
0.14501063795977484,0.03649448671301142
0.14500831629466174,0.03649230845896446
0.1450060005074718,0.036490132603611274
0.1450036881212722,0.03648795914359035
0.14500138132497528,0.036485788075546144
0.14499907861570893,0.03648361939612969
0.14499678095108828,0.03648145310199823
0.14499448843978013,0.036479289189815266
0.14499220015944606,0.03647712765625062
0.1449899167579633,0.03647496849798031
0.14498763814076757,0.03647281171168662
0.14498536382131763,0.03647065729405809
0.14498309482050173,0.0364685052417894
0.14498083008133375,0.03646635555158149
0.14497857000542472,0.0364642082201414
0.14497631489261342,0.03646206324418242
0.14497406432466656,0.03645992062042397
0.144971818003789,0.036457780345591495
0.1449695769744043,0.03645564241641672
0.1449673402764867,0.036453506829637355
0.14496510842049146,0.036451373581997286
0.14496288074643793,0.036449242670246365
0.1449606583781665,0.03644711409114067
0.1449584398667563,0.03644498784144215
0.14495622611323739,0.0364428639179189
0.14495401699570643,0.03644074231734493
0.14495181253864983,0.036438623036500466
0.14494961264379905,0.03643650607217144
0.14494741768572542,0.036434391421149896
0.14494522666036702,0.03643227908023396
0.14494304039263417,0.03643016904622745
0.14494085870956327,0.03642806131594033
0.14493868185145917,0.03642595588618834
0.14493650868028962,0.03642385275379319
0.14493434077030398,0.036421751915582626
0.14493217740434758,0.03641965336838987
0.14493001850032208,0.0364175571090544
0.14492786360101814,0.03641546313442143
0.14492571359579745,0.03641337144097294
0.14492356823847308,0.03641128202630277
0.14492142681698086,0.036409194886905534
0.14491929020727756,0.036407110019649684
0.14491715827488663,0.036405027421409435
0.14491503087317406,0.036402947089064684
0.14491290726040998,0.03640086901950129
0.1449107883619071,0.03639879320961077
0.1449086741136019,0.036396719656290065
0.1449065641337263,0.03639464835644245
0.14490445852545536,0.03639257930697621
0.14490235732910017,0.03639051250480583
0.14490026041419524,0.036388447946851185
0.14489816802066208,0.036386385630037946
0.1448960800343001,0.03638432555129734
0.144893996682173,0.036382267707566335
0.14489191735048945,0.03638021209578736
0.144889842332718,0.03637815871290868
0.14488777214250728,0.03637610755588385
0.144885706011346,0.036374058621672166
0.14488364418919833,0.03637201190723869
0.14488158675426693,0.03636996740955359
0.14487953352600574,0.03636792512559311
0.14487748521232746,0.0363658850523384
0.14487544020256257,0.03636384718677669
0.14487340024197368,0.03636181152590045
0.14487136458838284,0.03635977806670747
0.14486933273052002,0.03635774680620154
0.14486730553832872,0.03635571774139131
0.1448652825692928,0.03635369086929133
0.144863264117065,0.0363516661869213
0.14486124936401762,0.036349643691306555
0.1448592392466156,0.036347623379477605
0.14485723351261748,0.03634560524847057
0.14485523141047044,0.03634358929532686
0.14485323393402497,0.0363415755170935
0.1448512408203403,0.03633956391082235
0.14484925186485026,0.03633755447357109
0.14484726702778597,0.03633554720240259
0.14484528656797854,0.03633354209438501
0.14484331006766987,0.03633153914659185
0.14484133794093035,0.03632953835610186
0.1448393703084097,0.03632753971999919
0.1448374062713098,0.03632554323537282
0.14483544655548897,0.036323548899318506
0.14483349182578092,0.036321556708934916
0.14483153998993797,0.036319566661327685
0.144829592914304,0.03631757875360693
0.14482764988802685,0.03631559298288854
0.14482571149329115,0.036313609346292984
0.14482377640183697,0.03631162784094634
0.14482184578820587,0.03630964846397976
0.1448199194969879,0.03630767121252949
0.1448179971583656,0.03630569608373697
0.1448160788880377,0.03630372307474886
0.14481416472925984,0.03630175218271689
0.1448122545226592,0.03629978340479777
0.14481034893298822,0.036297816738153646
0.14480844718775931,0.036295852179951425
0.14480654923929645,0.03629388972736335
0.14480465554625893,0.036291929377566624
0.14480276598786795,0.03628997112774343
0.1448008801724134,0.036288014975081155
0.1447989986238002,0.03628606091677219
0.1447971216892088,0.03628410895001386
0.14479524786732217,0.036282159072008595
0.14479337842437198,0.03628021127996381
0.14479151362561912,0.03627826557109186
0.14478965186240525,0.03627632194261021
0.14478779421627339,0.03627438039174118
0.14478594099078207,0.03627244091571193
0.14478409184637916,0.03627050351175494
0.14478224628903746,0.03626856817710727
0.14478040515609159,0.03626663490901108
0.14477856747838075,0.03626470370471345
0.14477673446242814,0.03626277456146607
0.14477490484621178,0.03626084747652595
0.1447730796708049,0.03625892244715492
0.14477125750078412,0.036256999470619417
0.14476944028739316,0.036255078544190696
0.14476762640059923,0.03625315966514522
0.144765816514627,0.03625124283076407
0.1447640108904848,0.03624932803833321
0.14476220890446329,0.03624741528514312
0.14476041092098108,0.036245504568489975
0.14475861703528078,0.036243595885673524
0.1447568264455405,0.036241689233999105
0.1447550403007206,0.036239784610776524
0.1447532580606656,0.03623788201332058
0.14475147968058283,0.03623598143895054
0.1447497046253832,0.03623408288499057
0.14474793392584684,0.03623218634876971
0.14474616703708415,0.03623029182762117
0.14474440437499173,0.03622839931888357
0.14474264511946575,0.03622650881989983
0.14474089002590698,0.03622462032801759
0.1447391382137111,0.03622273384058909
0.14473739082920695,0.03622084935497149
0.14473564711273462,0.03621896686852632
0.1447339069377314,0.03621708637862
0.14473217176291706,0.03621520788262337
0.14473043833915544,0.03621333137791205
0.14472870997965337,0.03621145686186618
0.14472698485045962,0.03620958433187058
0.1447252641559865,0.03620771378531454
0.14472354691042036,0.03620584521959205
0.14472183323660384,0.036203978632101556
0.14472012374044016,0.03620211402024619
0.14471841802971303,0.03620025138143356
0.144716715850853,0.03619839071307585
0.1447150175448772,0.036196532012589655
0.1447133227265543,0.036194675277396345
0.1447116319206863,0.03619282050492149
0.1447099447674616,0.03619096769259541
0.14470826156289565,0.03618911683785273
0.14470658208068496,0.03618726793813271
0.14470490619217843,0.03618542099087898
0.14470323363690668,0.03618357599353964
0.14470156529362688,0.03618173294356728
0.14469990024859414,0.036179891838418875
0.1446982393442922,0.03617805267555589
0.14469658151573467,0.036176215452444184
0.1446949277624378,0.036174380166554
0.14469327790136882,0.03617254681535998
0.14469163124125772,0.03617071539634122
0.1446899891923525,0.03616888590698109
0.144688349391573,0.036167058344767515
0.14468671386807633,0.036165232707192574
0.14468508203727803,0.0361634089917528
0.14468345398849472,0.036161587195949044
0.14468182986944542,0.03615976731728648
0.1446802086861761,0.03615794935327472
0.14467859144690925,0.036156133301427425
0.14467697792423984,0.03615431915926299
0.14467536767288683,0.036152506924303614
0.14467376167223298,0.03615069659407602
0.1446721587687958,0.0361488881661113
0.14467055966041678,0.036147081637944625
0.14466896365817047,0.03614527700711559
0.14466737198353183,0.03614347427116782
0.14466578349082326,0.03614167342764941
0.14466419857717527,0.036139874474112585
0.14466261721609208,0.0361380774081137
0.144661039777882,0.036136282227213434
0.14465946543297925,0.03613448892897672
0.14465789485502714,0.03613269751097251
0.14465632801354406,0.03613090797077405
0.14465476395948265,0.036129120305958766
0.14465320414142077,0.03612733451410808
0.1446516477203445,0.036125550592807996
0.14465009495695616,0.03612376853964808
0.14464854512057113,0.03612198835222245
0.1446469991026156,0.03612021002812919
0.14464545690668432,0.0361184335649707
0.14464391817400812,0.036116658960353064
0.14464238297749873,0.03611488621188688
0.14464085076366473,0.036113115317186736
0.1446393221310901,0.036111346273871185
0.1446377970157308,0.036109579079562845
0.14463627602619283,0.036107813731888684
0.14463475778303228,0.03610605022847933
0.1446332431977563,0.03610428856696982
0.14463173203785126,0.036102528744998905
0.14463022476639734,0.03610077076020953
0.14462872055549267,0.03609901460987722
0.14462721975898912,0.036097260292395024
0.14462572233443813,0.0360955078050473
0.14462422817102757,0.036093757145493045
0.14462273782784182,0.036092008311395085
0.14462125098717857,0.03609026130042041
0.14461976736488227,0.03608851611023997
0.1446182874129871,0.03608677273852849
0.1446168103717408,0.03608503118296493
0.14461533719636152,0.03608329144123191
0.1446138677141566,0.03608155351101613
0.14461240026591354,0.03607981739000831
0.1446109379610047,0.03607808307590272
0.14460947729263757,0.036076350566398005
0.1446080207172976,0.03607461985919648
0.14460656764238564,0.03607289095200426
0.1446051183658898,0.03607116384253151
0.14460367151497192,0.03606943852849223
0.14460222845387796,0.03606771500760422
0.14460078887062133,0.0360659932775892
0.14459935241697533,0.0360642733361727
0.14459791913511733,0.036062555181084144
0.14459648984864845,0.0360608388100568
0.14459506338187558,0.036059124220827646
0.14459363996793173,0.036057411411137635
0.14459222065464938,0.036055700378731265
0.14459080399991006,0.03605399112135722
0.14458939085157813,0.0360522836367676
0.14458798109688753,0.03605057792271868
0.14458657447510603,0.03604887397697012
0.14458517132111487,0.036047171797285504
0.14458377153982893,0.03604547138143229
0.14458237485337494,0.03604377272718152
0.14458098152596469,0.03604207583230804
0.14457959160609996,0.03604038069459048
0.1445782041249754,0.0360386873118111
0.14457682078022163,0.036036995681756126
0.14457544034054462,0.036035305802214986
0.14457406351626848,0.036033617670981344
0.14457268987018698,0.03603193128585229
0.14457131885441687,0.0360302466446287
0.14456995181088447,0.036028563745115
0.14456858761469688,0.0360268825851195
0.14456722623458326,0.03602520316245388
0.14456586850972,0.03602352547493382
0.14456451424242406,0.03602184952037843
0.14456316289857699,0.03602017529661048
0.14456181486741487,0.03601850280145641
0.14456046995750246,0.03601683203274616
0.1445591284107519,0.03601516298831363
0.14455779052671136,0.03601349566599589
0.14455645483947369,0.03601183006363396
0.14455512232008505,0.03601016617907227
0.14455379347500805,0.03600850401015887
0.1445524677675217,0.03600684355474547
0.1445511453000868,0.036005184810687256
0.14454982595721416,0.03600352777584301
0.14454850929604762,0.03600187244807507
0.14454719630480947,0.03600021882524931
0.1445458861677462,0.035998566905235146
0.14454458021156152,0.03599691668590563
0.14454327547874954,0.03599526816513717
0.1445419749713941,0.035993621340809856
0.14454067777666585,0.035991976210807027
0.1445393833590044,0.03599033277301594
0.14453809218479696,0.035988691025327056
0.14453680414344572,0.035987050965634294
0.14453551879787987,0.03598541259183522
0.14453423697506299,0.03598377590183083
0.14453295833069918,0.03598214089352549
0.14453168239729147,0.035980507564827194
0.14453041002714553,0.03597887591364719
0.14452914019631233,0.035977245937900346
0.14452787399541164,0.03597561763550485
0.1445266102236969,0.03597399100438232
0.14452535000730107,0.035972366042458265
0.1445240926935115,0.035970742747660656
0.1445228384004378,0.03596912111792151
0.14452158766043424,0.03596750115117642
0.1445203395635085,0.03596588284536384
0.1445190942410096,0.0359642661984261
0.14451785255308894,0.03596265120830844
0.14451661354921305,0.035961037872959865
0.14451537732669179,0.03595942619033266
0.14451414470752053,0.03595781615838223
0.14451291457018556,0.03595620777506774
0.1445116877307458,0.03595460103835128
0.14451046412534732,0.03595299594619856
0.14450924294460576,0.03595139249657857
0.14450802527178447,0.03594979068746356
0.14450681053326042,0.03594819051682914
0.14450559868223734,0.035946591982654146
0.14450438994014506,0.035944995082920934
0.14450318446129223,0.03594339981561492
0.14450198091826558,0.03594180617872494
0.14450078092293966,0.0359402141702431
0.14449958441037256,0.03593862378816473
0.1444983903915925,0.035937035030488576
0.14449719899781827,0.03593544789521633
0.14449601102403786,0.03593386238035331
0.1444948260108529,0.03593227848390792
0.14449364463884298,0.03593069620389166
0.14449246458704137,0.0359291155383196
0.14449128848582107,0.03592753648520978
0.14449011548105697,0.03592595904258356
0.1444889444721536,0.03592438320846546
0.1444877772702227,0.03592280898088291
0.14448661281865516,0.03592123635786787
0.14448545095004564,0.03591966533745353
0.14448429257181156,0.03591809591767749
0.1444831365944258,0.03591652809658057
0.14448198387969616,0.03591496187220614
0.14448083361015512,0.03591339724260121
0.14447968694584853,0.03591183420581589
0.14447854260753934,0.03591027275990328
0.14447740135731224,0.03590871290291974
0.14447626337485694,0.035907154632924855
0.14447512725951278,0.035905597947981295
0.14447399449606257,0.0359040428461546
0.14447286497076572,0.03590248932551379
0.14447173818045145,0.035900937384130964
0.14447061401890343,0.03589938702008118
0.14446949268088752,0.035897838231442596
0.1444683741593824,0.035896291016296586
0.14446725867474935,0.03589474537272756
0.14446614636865468,0.03589320129882302
0.14446503603138883,0.03589165879267285
0.14446392943374392,0.03589011785237278
0.14446282504475272,0.03588857847601751
0.14446172393807508,0.035887040661707434
